-- 0020: Comprehensive Greek-city coverage. Adds 65 new cities so the
-- citynight.gr guide covers all of Greece (mainland + every inhabited island
-- with tourism relevance). Total cities after this migration: ~99.
--
-- Photos: only inserted where the Pexels alt-text explicitly contains the
-- city name (strict match). Loose-match cities are added WITHOUT a hero —
-- the styled placeholder renders until a hand-picked photo is available.
-- (Integrity rule: never put a generic Greek shot under a specific city.)
--
-- Re-runnable: clears all 0020 rows up front.

DELETE FROM photos WHERE id LIKE 'photo_seed20_%';
DELETE FROM translations WHERE id LIKE 'tr_seed20_%';
DELETE FROM cities WHERE id LIKE 'city_seed20_%';

-- ── Cities (65 new) ───────────────────────────────────────────────────
INSERT INTO cities (id, slug, name, region, lat, lng, is_published) VALUES
  ('city_seed20_glyfada', 'glyfada', 'Glyfada', 'Attica', 37.8633, 23.7536, 1),
  ('city_seed20_vouliagmeni', 'vouliagmeni', 'Vouliagmeni', 'Attica', 37.8154, 23.7796, 1),
  ('city_seed20_piraeus', 'piraeus', 'Piraeus', 'Attica', 37.9476, 23.6356, 1),
  ('city_seed20_sounion', 'sounion', 'Sounion', 'Attica', 37.65, 24.0264, 1),
  ('city_seed20_poros', 'poros', 'Poros', 'Attica', 37.4986, 23.4577, 1),
  ('city_seed20_kythira', 'kythira', 'Kythira', 'Attica', 36.2667, 22.9833, 1),
  ('city_seed20_korinthos', 'korinthos', 'Korinthos', 'Peloponnese', 37.941, 22.9357, 1),
  ('city_seed20_kalamata', 'kalamata', 'Kalamata', 'Peloponnese', 37.0388, 22.1142, 1),
  ('city_seed20_olympia', 'olympia', 'Olympia', 'Peloponnese', 37.6453, 21.6307, 1),
  ('city_seed20_sparta', 'sparta', 'Sparta', 'Peloponnese', 37.0833, 22.4333, 1),
  ('city_seed20_monemvasia', 'monemvasia', 'Monemvasia', 'Peloponnese', 36.685, 23.0556, 1),
  ('city_seed20_methoni', 'methoni', 'Methoni', 'Peloponnese', 36.8197, 21.7036, 1),
  ('city_seed20_koroni', 'koroni', 'Koroni', 'Peloponnese', 36.7944, 21.9586, 1),
  ('city_seed20_pylos', 'pylos', 'Pylos', 'Peloponnese', 36.9133, 21.696, 1),
  ('city_seed20_gythio', 'gythio', 'Gythio', 'Peloponnese', 36.7561, 22.5663, 1),
  ('city_seed20_tripoli', 'tripoli', 'Tripoli', 'Peloponnese', 37.5083, 22.3781, 1),
  ('city_seed20_areopoli', 'areopoli', 'Areopoli', 'Peloponnese', 36.6675, 22.385, 1),
  ('city_seed20_mystras', 'mystras', 'Mystras', 'Peloponnese', 37.0716, 22.3713, 1),
  ('city_seed20_nemea', 'nemea', 'Nemea', 'Peloponnese', 37.8125, 22.7156, 1),
  ('city_seed20_delphi', 'delphi', 'Delphi', 'Central Greece', 38.4824, 22.5009, 1),
  ('city_seed20_arachova', 'arachova', 'Arachova', 'Central Greece', 38.4847, 22.5867, 1),
  ('city_seed20_galaxidi', 'galaxidi', 'Galaxidi', 'Central Greece', 38.3776, 22.3793, 1),
  ('city_seed20_karpenisi', 'karpenisi', 'Karpenisi', 'Central Greece', 38.9133, 21.7867, 1),
  ('city_seed20_chalkida', 'chalkida', 'Chalkida', 'Central Greece', 38.4639, 23.5953, 1),
  ('city_seed20_karystos', 'karystos', 'Karystos', 'Central Greece', 38.0162, 24.4196, 1),
  ('city_seed20_eretria', 'eretria', 'Eretria', 'Central Greece', 38.4015, 23.7942, 1),
  ('city_seed20_loutra_edipsou', 'loutra-edipsou', 'Loutra Edipsou', 'Central Greece', 38.85, 23.05, 1),
  ('city_seed20_lamia', 'lamia', 'Lamia', 'Central Greece', 38.9, 22.4333, 1),
  ('city_seed20_volos', 'volos', 'Volos', 'Thessaly', 39.3622, 22.942, 1),
  ('city_seed20_larissa', 'larissa', 'Larissa', 'Thessaly', 39.639, 22.4191, 1),
  ('city_seed20_trikala', 'trikala', 'Trikala', 'Thessaly', 39.5556, 21.7679, 1),
  ('city_seed20_kalambaka', 'kalambaka', 'Kalambaka', 'Thessaly', 39.7053, 21.6306, 1),
  ('city_seed20_meteora', 'meteora', 'Meteora', 'Thessaly', 39.7217, 21.6306, 1),
  ('city_seed20_pelion', 'pelion', 'Pelion', 'Thessaly', 39.45, 23.05, 1),
  ('city_seed20_portaria', 'portaria', 'Portaria', 'Thessaly', 39.3911, 23.0083, 1),
  ('city_seed20_skopelos', 'skopelos', 'Skopelos', 'Thessaly', 39.1222, 23.7269, 1),
  ('city_seed20_alonissos', 'alonissos', 'Alonissos', 'Thessaly', 39.1456, 23.8651, 1),
  ('city_seed20_skyros', 'skyros', 'Skyros', 'Thessaly', 38.9, 24.5667, 1),
  ('city_seed20_parga', 'parga', 'Parga', 'Epirus', 39.2842, 20.4019, 1),
  ('city_seed20_preveza', 'preveza', 'Preveza', 'Epirus', 38.956, 20.7553, 1),
  ('city_seed20_sivota', 'sivota', 'Sivota', 'Epirus', 39.4144, 20.2453, 1),
  ('city_seed20_arta', 'arta', 'Arta', 'Epirus', 39.1611, 20.987, 1),
  ('city_seed20_zagori', 'zagori', 'Zagori', 'Epirus', 39.8833, 20.75, 1),
  ('city_seed20_metsovo', 'metsovo', 'Metsovo', 'Epirus', 39.7728, 21.1812, 1),
  ('city_seed20_igoumenitsa', 'igoumenitsa', 'Igoumenitsa', 'Epirus', 39.5036, 20.2622, 1),
  ('city_seed20_edessa', 'edessa', 'Edessa', 'Central Macedonia', 40.8, 22.05, 1),
  ('city_seed20_veria', 'veria', 'Veria', 'Central Macedonia', 40.524, 22.201, 1),
  ('city_seed20_naoussa_imathia', 'naoussa-imathia', 'Naoussa Imathia', 'Central Macedonia', 40.63, 22.07, 1),
  ('city_seed20_serres', 'serres', 'Serres', 'Central Macedonia', 41.085, 23.5478, 1),
  ('city_seed20_kilkis', 'kilkis', 'Kilkis', 'Central Macedonia', 40.9938, 22.8744, 1),
  ('city_seed20_pella', 'pella', 'Pella', 'Central Macedonia', 40.7619, 22.5234, 1),
  ('city_seed20_kastoria', 'kastoria', 'Kastoria', 'Western Macedonia', 40.5167, 21.2667, 1),
  ('city_seed20_florina', 'florina', 'Florina', 'Western Macedonia', 40.7833, 21.4097, 1),
  ('city_seed20_kozani', 'kozani', 'Kozani', 'Western Macedonia', 40.3, 21.7833, 1),
  ('city_seed20_grevena', 'grevena', 'Grevena', 'Western Macedonia', 40.0828, 21.4275, 1),
  ('city_seed20_kavala', 'kavala', 'Kavala', 'East Macedonia & Thrace', 40.9333, 24.4, 1),
  ('city_seed20_drama', 'drama', 'Drama', 'East Macedonia & Thrace', 41.15, 24.15, 1),
  ('city_seed20_xanthi', 'xanthi', 'Xanthi', 'East Macedonia & Thrace', 41.1417, 24.8867, 1),
  ('city_seed20_komotini', 'komotini', 'Komotini', 'East Macedonia & Thrace', 41.1167, 25.4, 1),
  ('city_seed20_alexandroupolis', 'alexandroupolis', 'Alexandroupolis', 'East Macedonia & Thrace', 40.8458, 25.8742, 1),
  ('city_seed20_antiparos', 'antiparos', 'Antiparos', 'South Aegean', 36.9833, 25.0833, 1),
  ('city_seed20_folegandros', 'folegandros', 'Folegandros', 'South Aegean', 36.6219, 24.9111, 1),
  ('city_seed20_kea', 'kea', 'Kea', 'South Aegean', 37.6167, 24.3333, 1),
  ('city_seed20_kythnos', 'kythnos', 'Kythnos', 'South Aegean', 37.4081, 24.4119, 1),
  ('city_seed20_serifos', 'serifos', 'Serifos', 'South Aegean', 37.15, 24.4944, 1),
  ('city_seed20_anafi', 'anafi', 'Anafi', 'South Aegean', 36.3617, 25.7711, 1),
  ('city_seed20_amorgos', 'amorgos', 'Amorgos', 'South Aegean', 36.8333, 25.9, 1),
  ('city_seed20_koufonisia', 'koufonisia', 'Koufonisia', 'South Aegean', 36.9333, 25.5833, 1),
  ('city_seed20_sikinos', 'sikinos', 'Sikinos', 'South Aegean', 36.6856, 25.1411, 1),
  ('city_seed20_kalymnos', 'kalymnos', 'Kalymnos', 'South Aegean', 36.95, 26.9833, 1),
  ('city_seed20_karpathos', 'karpathos', 'Karpathos', 'South Aegean', 35.5089, 27.2147, 1),
  ('city_seed20_astypalea', 'astypalea', 'Astypalea', 'South Aegean', 36.5475, 26.3503, 1),
  ('city_seed20_leros', 'leros', 'Leros', 'South Aegean', 37.15, 26.85, 1),
  ('city_seed20_nisyros', 'nisyros', 'Nisyros', 'South Aegean', 36.6, 27.15, 1),
  ('city_seed20_tilos', 'tilos', 'Tilos', 'South Aegean', 36.45, 27.3833, 1),
  ('city_seed20_kasos', 'kasos', 'Kasos', 'South Aegean', 35.3933, 26.9203, 1),
  ('city_seed20_halki', 'halki', 'Halki', 'South Aegean', 36.2294, 27.6058, 1),
  ('city_seed20_lipsi', 'lipsi', 'Lipsi', 'South Aegean', 37.3, 26.7667, 1),
  ('city_seed20_kastellorizo', 'kastellorizo', 'Kastellorizo', 'South Aegean', 36.1444, 29.5856, 1),
  ('city_seed20_limnos', 'limnos', 'Limnos', 'North Aegean', 39.9167, 25.25, 1),
  ('city_seed20_ikaria', 'ikaria', 'Ikaria', 'North Aegean', 37.6122, 26.1564, 1),
  ('city_seed20_fournoi', 'fournoi', 'Fournoi', 'North Aegean', 37.5808, 26.4811, 1),
  ('city_seed20_thasos', 'thasos', 'Thasos', 'North Aegean', 40.7833, 24.7167, 1),
  ('city_seed20_samothraki', 'samothraki', 'Samothraki', 'North Aegean', 40.4825, 25.5267, 1),
  ('city_seed20_paxos', 'paxos', 'Paxos', 'Ionian Islands', 39.2, 20.1833, 1),
  ('city_seed20_antipaxos', 'antipaxos', 'Antipaxos', 'Ionian Islands', 39.15, 20.2333, 1),
  ('city_seed20_ithaca', 'ithaca', 'Ithaca', 'Ionian Islands', 38.4419, 20.6608, 1),
  ('city_seed20_agios_nikolaos', 'agios-nikolaos', 'Agios Nikolaos', 'Crete', 35.19, 25.715, 1),
  ('city_seed20_elounda', 'elounda', 'Elounda', 'Crete', 35.2667, 25.7333, 1),
  ('city_seed20_sitia', 'sitia', 'Sitia', 'Crete', 35.2069, 26.1031, 1),
  ('city_seed20_ierapetra', 'ierapetra', 'Ierapetra', 'Crete', 35.0118, 25.7414, 1),
  ('city_seed20_matala', 'matala', 'Matala', 'Crete', 34.9933, 24.7464, 1),
  ('city_seed20_paleochora', 'paleochora', 'Paleochora', 'Crete', 35.235, 23.6772, 1);

-- ── Translations (4 locales × 65 cities = 260 rows) ───────────────────
INSERT INTO translations (id, entity_type, entity_id, field, locale, value, source) VALUES
  ('tr_seed20_glyfada_el', 'city', 'city_seed20_glyfada', 'name', 'el', 'Γλυφάδα', 'admin'),
  ('tr_seed20_glyfada_de', 'city', 'city_seed20_glyfada', 'name', 'de', 'Glyfada', 'admin'),
  ('tr_seed20_glyfada_fr', 'city', 'city_seed20_glyfada', 'name', 'fr', 'Glyfada', 'admin'),
  ('tr_seed20_glyfada_it', 'city', 'city_seed20_glyfada', 'name', 'it', 'Glyfada', 'admin'),
  ('tr_seed20_vouliagmeni_el', 'city', 'city_seed20_vouliagmeni', 'name', 'el', 'Βουλιαγμένη', 'admin'),
  ('tr_seed20_vouliagmeni_de', 'city', 'city_seed20_vouliagmeni', 'name', 'de', 'Vouliagmeni', 'admin'),
  ('tr_seed20_vouliagmeni_fr', 'city', 'city_seed20_vouliagmeni', 'name', 'fr', 'Vouliagmeni', 'admin'),
  ('tr_seed20_vouliagmeni_it', 'city', 'city_seed20_vouliagmeni', 'name', 'it', 'Vouliagmeni', 'admin'),
  ('tr_seed20_piraeus_el', 'city', 'city_seed20_piraeus', 'name', 'el', 'Πειραιάς', 'admin'),
  ('tr_seed20_piraeus_de', 'city', 'city_seed20_piraeus', 'name', 'de', 'Piräus', 'admin'),
  ('tr_seed20_piraeus_fr', 'city', 'city_seed20_piraeus', 'name', 'fr', 'Le Pirée', 'admin'),
  ('tr_seed20_piraeus_it', 'city', 'city_seed20_piraeus', 'name', 'it', 'Pireo', 'admin'),
  ('tr_seed20_sounion_el', 'city', 'city_seed20_sounion', 'name', 'el', 'Σούνιο', 'admin'),
  ('tr_seed20_sounion_de', 'city', 'city_seed20_sounion', 'name', 'de', 'Sounion', 'admin'),
  ('tr_seed20_sounion_fr', 'city', 'city_seed20_sounion', 'name', 'fr', 'Sounion', 'admin'),
  ('tr_seed20_sounion_it', 'city', 'city_seed20_sounion', 'name', 'it', 'Sunio', 'admin'),
  ('tr_seed20_poros_el', 'city', 'city_seed20_poros', 'name', 'el', 'Πόρος', 'admin'),
  ('tr_seed20_poros_de', 'city', 'city_seed20_poros', 'name', 'de', 'Poros', 'admin'),
  ('tr_seed20_poros_fr', 'city', 'city_seed20_poros', 'name', 'fr', 'Poros', 'admin'),
  ('tr_seed20_poros_it', 'city', 'city_seed20_poros', 'name', 'it', 'Poros', 'admin'),
  ('tr_seed20_kythira_el', 'city', 'city_seed20_kythira', 'name', 'el', 'Κύθηρα', 'admin'),
  ('tr_seed20_kythira_de', 'city', 'city_seed20_kythira', 'name', 'de', 'Kythira', 'admin'),
  ('tr_seed20_kythira_fr', 'city', 'city_seed20_kythira', 'name', 'fr', 'Cythère', 'admin'),
  ('tr_seed20_kythira_it', 'city', 'city_seed20_kythira', 'name', 'it', 'Citera', 'admin'),
  ('tr_seed20_korinthos_el', 'city', 'city_seed20_korinthos', 'name', 'el', 'Κόρινθος', 'admin'),
  ('tr_seed20_korinthos_de', 'city', 'city_seed20_korinthos', 'name', 'de', 'Korinth', 'admin'),
  ('tr_seed20_korinthos_fr', 'city', 'city_seed20_korinthos', 'name', 'fr', 'Corinthe', 'admin'),
  ('tr_seed20_korinthos_it', 'city', 'city_seed20_korinthos', 'name', 'it', 'Corinto', 'admin'),
  ('tr_seed20_kalamata_el', 'city', 'city_seed20_kalamata', 'name', 'el', 'Καλαμάτα', 'admin'),
  ('tr_seed20_kalamata_de', 'city', 'city_seed20_kalamata', 'name', 'de', 'Kalamata', 'admin'),
  ('tr_seed20_kalamata_fr', 'city', 'city_seed20_kalamata', 'name', 'fr', 'Kalamata', 'admin'),
  ('tr_seed20_kalamata_it', 'city', 'city_seed20_kalamata', 'name', 'it', 'Calamata', 'admin'),
  ('tr_seed20_olympia_el', 'city', 'city_seed20_olympia', 'name', 'el', 'Ολυμπία', 'admin'),
  ('tr_seed20_olympia_de', 'city', 'city_seed20_olympia', 'name', 'de', 'Olympia', 'admin'),
  ('tr_seed20_olympia_fr', 'city', 'city_seed20_olympia', 'name', 'fr', 'Olympie', 'admin'),
  ('tr_seed20_olympia_it', 'city', 'city_seed20_olympia', 'name', 'it', 'Olimpia', 'admin'),
  ('tr_seed20_sparta_el', 'city', 'city_seed20_sparta', 'name', 'el', 'Σπάρτη', 'admin'),
  ('tr_seed20_sparta_de', 'city', 'city_seed20_sparta', 'name', 'de', 'Sparta', 'admin'),
  ('tr_seed20_sparta_fr', 'city', 'city_seed20_sparta', 'name', 'fr', 'Sparte', 'admin'),
  ('tr_seed20_sparta_it', 'city', 'city_seed20_sparta', 'name', 'it', 'Sparta', 'admin'),
  ('tr_seed20_monemvasia_el', 'city', 'city_seed20_monemvasia', 'name', 'el', 'Μονεμβασιά', 'admin'),
  ('tr_seed20_monemvasia_de', 'city', 'city_seed20_monemvasia', 'name', 'de', 'Monemvasia', 'admin'),
  ('tr_seed20_monemvasia_fr', 'city', 'city_seed20_monemvasia', 'name', 'fr', 'Monemvasia', 'admin'),
  ('tr_seed20_monemvasia_it', 'city', 'city_seed20_monemvasia', 'name', 'it', 'Monemvasia', 'admin'),
  ('tr_seed20_methoni_el', 'city', 'city_seed20_methoni', 'name', 'el', 'Μεθώνη', 'admin'),
  ('tr_seed20_methoni_de', 'city', 'city_seed20_methoni', 'name', 'de', 'Methoni', 'admin'),
  ('tr_seed20_methoni_fr', 'city', 'city_seed20_methoni', 'name', 'fr', 'Méthoni', 'admin'),
  ('tr_seed20_methoni_it', 'city', 'city_seed20_methoni', 'name', 'it', 'Methoni', 'admin'),
  ('tr_seed20_koroni_el', 'city', 'city_seed20_koroni', 'name', 'el', 'Κορώνη', 'admin'),
  ('tr_seed20_koroni_de', 'city', 'city_seed20_koroni', 'name', 'de', 'Koroni', 'admin'),
  ('tr_seed20_koroni_fr', 'city', 'city_seed20_koroni', 'name', 'fr', 'Koroni', 'admin'),
  ('tr_seed20_koroni_it', 'city', 'city_seed20_koroni', 'name', 'it', 'Coroni', 'admin'),
  ('tr_seed20_pylos_el', 'city', 'city_seed20_pylos', 'name', 'el', 'Πύλος', 'admin'),
  ('tr_seed20_pylos_de', 'city', 'city_seed20_pylos', 'name', 'de', 'Pylos', 'admin'),
  ('tr_seed20_pylos_fr', 'city', 'city_seed20_pylos', 'name', 'fr', 'Pylos', 'admin'),
  ('tr_seed20_pylos_it', 'city', 'city_seed20_pylos', 'name', 'it', 'Pilo', 'admin'),
  ('tr_seed20_gythio_el', 'city', 'city_seed20_gythio', 'name', 'el', 'Γύθειο', 'admin'),
  ('tr_seed20_gythio_de', 'city', 'city_seed20_gythio', 'name', 'de', 'Gytheio', 'admin'),
  ('tr_seed20_gythio_fr', 'city', 'city_seed20_gythio', 'name', 'fr', 'Gythio', 'admin'),
  ('tr_seed20_gythio_it', 'city', 'city_seed20_gythio', 'name', 'it', 'Githio', 'admin'),
  ('tr_seed20_tripoli_el', 'city', 'city_seed20_tripoli', 'name', 'el', 'Τρίπολη', 'admin'),
  ('tr_seed20_tripoli_de', 'city', 'city_seed20_tripoli', 'name', 'de', 'Tripoli', 'admin'),
  ('tr_seed20_tripoli_fr', 'city', 'city_seed20_tripoli', 'name', 'fr', 'Tripoli', 'admin'),
  ('tr_seed20_tripoli_it', 'city', 'city_seed20_tripoli', 'name', 'it', 'Tripoli', 'admin'),
  ('tr_seed20_areopoli_el', 'city', 'city_seed20_areopoli', 'name', 'el', 'Αρεόπολη', 'admin'),
  ('tr_seed20_areopoli_de', 'city', 'city_seed20_areopoli', 'name', 'de', 'Areopoli', 'admin'),
  ('tr_seed20_areopoli_fr', 'city', 'city_seed20_areopoli', 'name', 'fr', 'Aréopolis', 'admin'),
  ('tr_seed20_areopoli_it', 'city', 'city_seed20_areopoli', 'name', 'it', 'Areopoli', 'admin'),
  ('tr_seed20_mystras_el', 'city', 'city_seed20_mystras', 'name', 'el', 'Μυστράς', 'admin'),
  ('tr_seed20_mystras_de', 'city', 'city_seed20_mystras', 'name', 'de', 'Mystras', 'admin'),
  ('tr_seed20_mystras_fr', 'city', 'city_seed20_mystras', 'name', 'fr', 'Mistra', 'admin'),
  ('tr_seed20_mystras_it', 'city', 'city_seed20_mystras', 'name', 'it', 'Mistrà', 'admin'),
  ('tr_seed20_nemea_el', 'city', 'city_seed20_nemea', 'name', 'el', 'Νεμέα', 'admin'),
  ('tr_seed20_nemea_de', 'city', 'city_seed20_nemea', 'name', 'de', 'Nemea', 'admin'),
  ('tr_seed20_nemea_fr', 'city', 'city_seed20_nemea', 'name', 'fr', 'Némée', 'admin'),
  ('tr_seed20_nemea_it', 'city', 'city_seed20_nemea', 'name', 'it', 'Nemea', 'admin'),
  ('tr_seed20_delphi_el', 'city', 'city_seed20_delphi', 'name', 'el', 'Δελφοί', 'admin'),
  ('tr_seed20_delphi_de', 'city', 'city_seed20_delphi', 'name', 'de', 'Delphi', 'admin'),
  ('tr_seed20_delphi_fr', 'city', 'city_seed20_delphi', 'name', 'fr', 'Delphes', 'admin'),
  ('tr_seed20_delphi_it', 'city', 'city_seed20_delphi', 'name', 'it', 'Delfi', 'admin'),
  ('tr_seed20_arachova_el', 'city', 'city_seed20_arachova', 'name', 'el', 'Αράχωβα', 'admin'),
  ('tr_seed20_arachova_de', 'city', 'city_seed20_arachova', 'name', 'de', 'Arachova', 'admin'),
  ('tr_seed20_arachova_fr', 'city', 'city_seed20_arachova', 'name', 'fr', 'Aráchova', 'admin'),
  ('tr_seed20_arachova_it', 'city', 'city_seed20_arachova', 'name', 'it', 'Arachova', 'admin'),
  ('tr_seed20_galaxidi_el', 'city', 'city_seed20_galaxidi', 'name', 'el', 'Γαλαξίδι', 'admin'),
  ('tr_seed20_galaxidi_de', 'city', 'city_seed20_galaxidi', 'name', 'de', 'Galaxidi', 'admin'),
  ('tr_seed20_galaxidi_fr', 'city', 'city_seed20_galaxidi', 'name', 'fr', 'Galaxidi', 'admin'),
  ('tr_seed20_galaxidi_it', 'city', 'city_seed20_galaxidi', 'name', 'it', 'Galaxidi', 'admin'),
  ('tr_seed20_karpenisi_el', 'city', 'city_seed20_karpenisi', 'name', 'el', 'Καρπενήσι', 'admin'),
  ('tr_seed20_karpenisi_de', 'city', 'city_seed20_karpenisi', 'name', 'de', 'Karpenisi', 'admin'),
  ('tr_seed20_karpenisi_fr', 'city', 'city_seed20_karpenisi', 'name', 'fr', 'Karpenísi', 'admin'),
  ('tr_seed20_karpenisi_it', 'city', 'city_seed20_karpenisi', 'name', 'it', 'Karpenisi', 'admin'),
  ('tr_seed20_chalkida_el', 'city', 'city_seed20_chalkida', 'name', 'el', 'Χαλκίδα', 'admin'),
  ('tr_seed20_chalkida_de', 'city', 'city_seed20_chalkida', 'name', 'de', 'Chalkida', 'admin'),
  ('tr_seed20_chalkida_fr', 'city', 'city_seed20_chalkida', 'name', 'fr', 'Chalcis', 'admin'),
  ('tr_seed20_chalkida_it', 'city', 'city_seed20_chalkida', 'name', 'it', 'Calcide', 'admin'),
  ('tr_seed20_karystos_el', 'city', 'city_seed20_karystos', 'name', 'el', 'Κάρυστος', 'admin'),
  ('tr_seed20_karystos_de', 'city', 'city_seed20_karystos', 'name', 'de', 'Karystos', 'admin'),
  ('tr_seed20_karystos_fr', 'city', 'city_seed20_karystos', 'name', 'fr', 'Karystos', 'admin'),
  ('tr_seed20_karystos_it', 'city', 'city_seed20_karystos', 'name', 'it', 'Karystos', 'admin'),
  ('tr_seed20_eretria_el', 'city', 'city_seed20_eretria', 'name', 'el', 'Ερέτρια', 'admin'),
  ('tr_seed20_eretria_de', 'city', 'city_seed20_eretria', 'name', 'de', 'Eretria', 'admin'),
  ('tr_seed20_eretria_fr', 'city', 'city_seed20_eretria', 'name', 'fr', 'Érétrie', 'admin'),
  ('tr_seed20_eretria_it', 'city', 'city_seed20_eretria', 'name', 'it', 'Eretria', 'admin'),
  ('tr_seed20_loutra_edipsou_el', 'city', 'city_seed20_loutra_edipsou', 'name', 'el', 'Λουτρά Αιδηψού', 'admin'),
  ('tr_seed20_loutra_edipsou_de', 'city', 'city_seed20_loutra_edipsou', 'name', 'de', 'Loutra Edipsou', 'admin'),
  ('tr_seed20_loutra_edipsou_fr', 'city', 'city_seed20_loutra_edipsou', 'name', 'fr', 'Loutra Edipsou', 'admin'),
  ('tr_seed20_loutra_edipsou_it', 'city', 'city_seed20_loutra_edipsou', 'name', 'it', 'Loutra Edipsou', 'admin'),
  ('tr_seed20_lamia_el', 'city', 'city_seed20_lamia', 'name', 'el', 'Λαμία', 'admin'),
  ('tr_seed20_lamia_de', 'city', 'city_seed20_lamia', 'name', 'de', 'Lamia', 'admin'),
  ('tr_seed20_lamia_fr', 'city', 'city_seed20_lamia', 'name', 'fr', 'Lamía', 'admin'),
  ('tr_seed20_lamia_it', 'city', 'city_seed20_lamia', 'name', 'it', 'Lamia', 'admin'),
  ('tr_seed20_volos_el', 'city', 'city_seed20_volos', 'name', 'el', 'Βόλος', 'admin'),
  ('tr_seed20_volos_de', 'city', 'city_seed20_volos', 'name', 'de', 'Volos', 'admin'),
  ('tr_seed20_volos_fr', 'city', 'city_seed20_volos', 'name', 'fr', 'Volos', 'admin'),
  ('tr_seed20_volos_it', 'city', 'city_seed20_volos', 'name', 'it', 'Volo', 'admin'),
  ('tr_seed20_larissa_el', 'city', 'city_seed20_larissa', 'name', 'el', 'Λάρισα', 'admin'),
  ('tr_seed20_larissa_de', 'city', 'city_seed20_larissa', 'name', 'de', 'Larisa', 'admin'),
  ('tr_seed20_larissa_fr', 'city', 'city_seed20_larissa', 'name', 'fr', 'Larissa', 'admin'),
  ('tr_seed20_larissa_it', 'city', 'city_seed20_larissa', 'name', 'it', 'Larissa', 'admin'),
  ('tr_seed20_trikala_el', 'city', 'city_seed20_trikala', 'name', 'el', 'Τρίκαλα', 'admin'),
  ('tr_seed20_trikala_de', 'city', 'city_seed20_trikala', 'name', 'de', 'Trikala', 'admin'),
  ('tr_seed20_trikala_fr', 'city', 'city_seed20_trikala', 'name', 'fr', 'Trikala', 'admin'),
  ('tr_seed20_trikala_it', 'city', 'city_seed20_trikala', 'name', 'it', 'Tricala', 'admin'),
  ('tr_seed20_kalambaka_el', 'city', 'city_seed20_kalambaka', 'name', 'el', 'Καλαμπάκα', 'admin'),
  ('tr_seed20_kalambaka_de', 'city', 'city_seed20_kalambaka', 'name', 'de', 'Kalambaka', 'admin'),
  ('tr_seed20_kalambaka_fr', 'city', 'city_seed20_kalambaka', 'name', 'fr', 'Kalambáka', 'admin'),
  ('tr_seed20_kalambaka_it', 'city', 'city_seed20_kalambaka', 'name', 'it', 'Kalambaka', 'admin'),
  ('tr_seed20_meteora_el', 'city', 'city_seed20_meteora', 'name', 'el', 'Μετέωρα', 'admin'),
  ('tr_seed20_meteora_de', 'city', 'city_seed20_meteora', 'name', 'de', 'Meteora', 'admin'),
  ('tr_seed20_meteora_fr', 'city', 'city_seed20_meteora', 'name', 'fr', 'Météores', 'admin'),
  ('tr_seed20_meteora_it', 'city', 'city_seed20_meteora', 'name', 'it', 'Meteore', 'admin'),
  ('tr_seed20_pelion_el', 'city', 'city_seed20_pelion', 'name', 'el', 'Πήλιο', 'admin'),
  ('tr_seed20_pelion_de', 'city', 'city_seed20_pelion', 'name', 'de', 'Pelion', 'admin'),
  ('tr_seed20_pelion_fr', 'city', 'city_seed20_pelion', 'name', 'fr', 'Pélion', 'admin'),
  ('tr_seed20_pelion_it', 'city', 'city_seed20_pelion', 'name', 'it', 'Pelio', 'admin'),
  ('tr_seed20_portaria_el', 'city', 'city_seed20_portaria', 'name', 'el', 'Πορταριά', 'admin'),
  ('tr_seed20_portaria_de', 'city', 'city_seed20_portaria', 'name', 'de', 'Portaria', 'admin'),
  ('tr_seed20_portaria_fr', 'city', 'city_seed20_portaria', 'name', 'fr', 'Portariá', 'admin'),
  ('tr_seed20_portaria_it', 'city', 'city_seed20_portaria', 'name', 'it', 'Portaria', 'admin'),
  ('tr_seed20_skopelos_el', 'city', 'city_seed20_skopelos', 'name', 'el', 'Σκόπελος', 'admin'),
  ('tr_seed20_skopelos_de', 'city', 'city_seed20_skopelos', 'name', 'de', 'Skopelos', 'admin'),
  ('tr_seed20_skopelos_fr', 'city', 'city_seed20_skopelos', 'name', 'fr', 'Skópelos', 'admin'),
  ('tr_seed20_skopelos_it', 'city', 'city_seed20_skopelos', 'name', 'it', 'Skopelos', 'admin'),
  ('tr_seed20_alonissos_el', 'city', 'city_seed20_alonissos', 'name', 'el', 'Αλόννησος', 'admin'),
  ('tr_seed20_alonissos_de', 'city', 'city_seed20_alonissos', 'name', 'de', 'Alonissos', 'admin'),
  ('tr_seed20_alonissos_fr', 'city', 'city_seed20_alonissos', 'name', 'fr', 'Alónissos', 'admin'),
  ('tr_seed20_alonissos_it', 'city', 'city_seed20_alonissos', 'name', 'it', 'Alonissos', 'admin'),
  ('tr_seed20_skyros_el', 'city', 'city_seed20_skyros', 'name', 'el', 'Σκύρος', 'admin'),
  ('tr_seed20_skyros_de', 'city', 'city_seed20_skyros', 'name', 'de', 'Skyros', 'admin'),
  ('tr_seed20_skyros_fr', 'city', 'city_seed20_skyros', 'name', 'fr', 'Skýros', 'admin'),
  ('tr_seed20_skyros_it', 'city', 'city_seed20_skyros', 'name', 'it', 'Schiro', 'admin'),
  ('tr_seed20_parga_el', 'city', 'city_seed20_parga', 'name', 'el', 'Πάργα', 'admin'),
  ('tr_seed20_parga_de', 'city', 'city_seed20_parga', 'name', 'de', 'Parga', 'admin'),
  ('tr_seed20_parga_fr', 'city', 'city_seed20_parga', 'name', 'fr', 'Parga', 'admin'),
  ('tr_seed20_parga_it', 'city', 'city_seed20_parga', 'name', 'it', 'Parga', 'admin'),
  ('tr_seed20_preveza_el', 'city', 'city_seed20_preveza', 'name', 'el', 'Πρέβεζα', 'admin'),
  ('tr_seed20_preveza_de', 'city', 'city_seed20_preveza', 'name', 'de', 'Preveza', 'admin'),
  ('tr_seed20_preveza_fr', 'city', 'city_seed20_preveza', 'name', 'fr', 'Préveza', 'admin'),
  ('tr_seed20_preveza_it', 'city', 'city_seed20_preveza', 'name', 'it', 'Prevesa', 'admin'),
  ('tr_seed20_sivota_el', 'city', 'city_seed20_sivota', 'name', 'el', 'Σύβοτα', 'admin'),
  ('tr_seed20_sivota_de', 'city', 'city_seed20_sivota', 'name', 'de', 'Sivota', 'admin'),
  ('tr_seed20_sivota_fr', 'city', 'city_seed20_sivota', 'name', 'fr', 'Sivota', 'admin'),
  ('tr_seed20_sivota_it', 'city', 'city_seed20_sivota', 'name', 'it', 'Sivota', 'admin'),
  ('tr_seed20_arta_el', 'city', 'city_seed20_arta', 'name', 'el', 'Άρτα', 'admin'),
  ('tr_seed20_arta_de', 'city', 'city_seed20_arta', 'name', 'de', 'Arta', 'admin'),
  ('tr_seed20_arta_fr', 'city', 'city_seed20_arta', 'name', 'fr', 'Árta', 'admin'),
  ('tr_seed20_arta_it', 'city', 'city_seed20_arta', 'name', 'it', 'Arta', 'admin'),
  ('tr_seed20_zagori_el', 'city', 'city_seed20_zagori', 'name', 'el', 'Ζαγόρι', 'admin'),
  ('tr_seed20_zagori_de', 'city', 'city_seed20_zagori', 'name', 'de', 'Zagori', 'admin'),
  ('tr_seed20_zagori_fr', 'city', 'city_seed20_zagori', 'name', 'fr', 'Zagori', 'admin'),
  ('tr_seed20_zagori_it', 'city', 'city_seed20_zagori', 'name', 'it', 'Zagori', 'admin'),
  ('tr_seed20_metsovo_el', 'city', 'city_seed20_metsovo', 'name', 'el', 'Μέτσοβο', 'admin'),
  ('tr_seed20_metsovo_de', 'city', 'city_seed20_metsovo', 'name', 'de', 'Metsovo', 'admin'),
  ('tr_seed20_metsovo_fr', 'city', 'city_seed20_metsovo', 'name', 'fr', 'Métsovo', 'admin'),
  ('tr_seed20_metsovo_it', 'city', 'city_seed20_metsovo', 'name', 'it', 'Metsovo', 'admin'),
  ('tr_seed20_igoumenitsa_el', 'city', 'city_seed20_igoumenitsa', 'name', 'el', 'Ηγουμενίτσα', 'admin'),
  ('tr_seed20_igoumenitsa_de', 'city', 'city_seed20_igoumenitsa', 'name', 'de', 'Igoumenitsa', 'admin'),
  ('tr_seed20_igoumenitsa_fr', 'city', 'city_seed20_igoumenitsa', 'name', 'fr', 'Igouménitsa', 'admin'),
  ('tr_seed20_igoumenitsa_it', 'city', 'city_seed20_igoumenitsa', 'name', 'it', 'Igumenitza', 'admin'),
  ('tr_seed20_edessa_el', 'city', 'city_seed20_edessa', 'name', 'el', 'Έδεσσα', 'admin'),
  ('tr_seed20_edessa_de', 'city', 'city_seed20_edessa', 'name', 'de', 'Edessa', 'admin'),
  ('tr_seed20_edessa_fr', 'city', 'city_seed20_edessa', 'name', 'fr', 'Édessa', 'admin'),
  ('tr_seed20_edessa_it', 'city', 'city_seed20_edessa', 'name', 'it', 'Edessa', 'admin'),
  ('tr_seed20_veria_el', 'city', 'city_seed20_veria', 'name', 'el', 'Βέροια', 'admin'),
  ('tr_seed20_veria_de', 'city', 'city_seed20_veria', 'name', 'de', 'Veria', 'admin'),
  ('tr_seed20_veria_fr', 'city', 'city_seed20_veria', 'name', 'fr', 'Veria', 'admin'),
  ('tr_seed20_veria_it', 'city', 'city_seed20_veria', 'name', 'it', 'Veria', 'admin'),
  ('tr_seed20_naoussa_imathia_el', 'city', 'city_seed20_naoussa_imathia', 'name', 'el', 'Νάουσα', 'admin'),
  ('tr_seed20_naoussa_imathia_de', 'city', 'city_seed20_naoussa_imathia', 'name', 'de', 'Naoussa', 'admin'),
  ('tr_seed20_naoussa_imathia_fr', 'city', 'city_seed20_naoussa_imathia', 'name', 'fr', 'Naoussa', 'admin'),
  ('tr_seed20_naoussa_imathia_it', 'city', 'city_seed20_naoussa_imathia', 'name', 'it', 'Naussa', 'admin'),
  ('tr_seed20_serres_el', 'city', 'city_seed20_serres', 'name', 'el', 'Σέρρες', 'admin'),
  ('tr_seed20_serres_de', 'city', 'city_seed20_serres', 'name', 'de', 'Serres', 'admin'),
  ('tr_seed20_serres_fr', 'city', 'city_seed20_serres', 'name', 'fr', 'Serrès', 'admin'),
  ('tr_seed20_serres_it', 'city', 'city_seed20_serres', 'name', 'it', 'Serres', 'admin'),
  ('tr_seed20_kilkis_el', 'city', 'city_seed20_kilkis', 'name', 'el', 'Κιλκίς', 'admin'),
  ('tr_seed20_kilkis_de', 'city', 'city_seed20_kilkis', 'name', 'de', 'Kilkis', 'admin'),
  ('tr_seed20_kilkis_fr', 'city', 'city_seed20_kilkis', 'name', 'fr', 'Kilkís', 'admin'),
  ('tr_seed20_kilkis_it', 'city', 'city_seed20_kilkis', 'name', 'it', 'Kilkis', 'admin'),
  ('tr_seed20_pella_el', 'city', 'city_seed20_pella', 'name', 'el', 'Πέλλα', 'admin'),
  ('tr_seed20_pella_de', 'city', 'city_seed20_pella', 'name', 'de', 'Pella', 'admin'),
  ('tr_seed20_pella_fr', 'city', 'city_seed20_pella', 'name', 'fr', 'Pella', 'admin'),
  ('tr_seed20_pella_it', 'city', 'city_seed20_pella', 'name', 'it', 'Pella', 'admin'),
  ('tr_seed20_kastoria_el', 'city', 'city_seed20_kastoria', 'name', 'el', 'Καστοριά', 'admin'),
  ('tr_seed20_kastoria_de', 'city', 'city_seed20_kastoria', 'name', 'de', 'Kastoria', 'admin'),
  ('tr_seed20_kastoria_fr', 'city', 'city_seed20_kastoria', 'name', 'fr', 'Kastoriá', 'admin'),
  ('tr_seed20_kastoria_it', 'city', 'city_seed20_kastoria', 'name', 'it', 'Castoria', 'admin'),
  ('tr_seed20_florina_el', 'city', 'city_seed20_florina', 'name', 'el', 'Φλώρινα', 'admin'),
  ('tr_seed20_florina_de', 'city', 'city_seed20_florina', 'name', 'de', 'Florina', 'admin'),
  ('tr_seed20_florina_fr', 'city', 'city_seed20_florina', 'name', 'fr', 'Flórina', 'admin'),
  ('tr_seed20_florina_it', 'city', 'city_seed20_florina', 'name', 'it', 'Florina', 'admin'),
  ('tr_seed20_kozani_el', 'city', 'city_seed20_kozani', 'name', 'el', 'Κοζάνη', 'admin'),
  ('tr_seed20_kozani_de', 'city', 'city_seed20_kozani', 'name', 'de', 'Kozani', 'admin'),
  ('tr_seed20_kozani_fr', 'city', 'city_seed20_kozani', 'name', 'fr', 'Kozáni', 'admin'),
  ('tr_seed20_kozani_it', 'city', 'city_seed20_kozani', 'name', 'it', 'Cozani', 'admin'),
  ('tr_seed20_grevena_el', 'city', 'city_seed20_grevena', 'name', 'el', 'Γρεβενά', 'admin'),
  ('tr_seed20_grevena_de', 'city', 'city_seed20_grevena', 'name', 'de', 'Grevena', 'admin'),
  ('tr_seed20_grevena_fr', 'city', 'city_seed20_grevena', 'name', 'fr', 'Grevená', 'admin'),
  ('tr_seed20_grevena_it', 'city', 'city_seed20_grevena', 'name', 'it', 'Grevena', 'admin'),
  ('tr_seed20_kavala_el', 'city', 'city_seed20_kavala', 'name', 'el', 'Καβάλα', 'admin'),
  ('tr_seed20_kavala_de', 'city', 'city_seed20_kavala', 'name', 'de', 'Kavala', 'admin'),
  ('tr_seed20_kavala_fr', 'city', 'city_seed20_kavala', 'name', 'fr', 'Kavala', 'admin'),
  ('tr_seed20_kavala_it', 'city', 'city_seed20_kavala', 'name', 'it', 'Cavala', 'admin'),
  ('tr_seed20_drama_el', 'city', 'city_seed20_drama', 'name', 'el', 'Δράμα', 'admin'),
  ('tr_seed20_drama_de', 'city', 'city_seed20_drama', 'name', 'de', 'Drama', 'admin'),
  ('tr_seed20_drama_fr', 'city', 'city_seed20_drama', 'name', 'fr', 'Drama', 'admin'),
  ('tr_seed20_drama_it', 'city', 'city_seed20_drama', 'name', 'it', 'Drama', 'admin'),
  ('tr_seed20_xanthi_el', 'city', 'city_seed20_xanthi', 'name', 'el', 'Ξάνθη', 'admin'),
  ('tr_seed20_xanthi_de', 'city', 'city_seed20_xanthi', 'name', 'de', 'Xanthi', 'admin'),
  ('tr_seed20_xanthi_fr', 'city', 'city_seed20_xanthi', 'name', 'fr', 'Xánthi', 'admin'),
  ('tr_seed20_xanthi_it', 'city', 'city_seed20_xanthi', 'name', 'it', 'Xanthi', 'admin'),
  ('tr_seed20_komotini_el', 'city', 'city_seed20_komotini', 'name', 'el', 'Κομοτηνή', 'admin'),
  ('tr_seed20_komotini_de', 'city', 'city_seed20_komotini', 'name', 'de', 'Komotini', 'admin'),
  ('tr_seed20_komotini_fr', 'city', 'city_seed20_komotini', 'name', 'fr', 'Komotiní', 'admin'),
  ('tr_seed20_komotini_it', 'city', 'city_seed20_komotini', 'name', 'it', 'Comotini', 'admin'),
  ('tr_seed20_alexandroupolis_el', 'city', 'city_seed20_alexandroupolis', 'name', 'el', 'Αλεξανδρούπολη', 'admin'),
  ('tr_seed20_alexandroupolis_de', 'city', 'city_seed20_alexandroupolis', 'name', 'de', 'Alexandroupoli', 'admin'),
  ('tr_seed20_alexandroupolis_fr', 'city', 'city_seed20_alexandroupolis', 'name', 'fr', 'Alexandroúpoli', 'admin'),
  ('tr_seed20_alexandroupolis_it', 'city', 'city_seed20_alexandroupolis', 'name', 'it', 'Alessandropoli', 'admin'),
  ('tr_seed20_antiparos_el', 'city', 'city_seed20_antiparos', 'name', 'el', 'Αντίπαρος', 'admin'),
  ('tr_seed20_antiparos_de', 'city', 'city_seed20_antiparos', 'name', 'de', 'Antiparos', 'admin'),
  ('tr_seed20_antiparos_fr', 'city', 'city_seed20_antiparos', 'name', 'fr', 'Antíparos', 'admin'),
  ('tr_seed20_antiparos_it', 'city', 'city_seed20_antiparos', 'name', 'it', 'Antiparos', 'admin'),
  ('tr_seed20_folegandros_el', 'city', 'city_seed20_folegandros', 'name', 'el', 'Φολέγανδρος', 'admin'),
  ('tr_seed20_folegandros_de', 'city', 'city_seed20_folegandros', 'name', 'de', 'Folegandros', 'admin'),
  ('tr_seed20_folegandros_fr', 'city', 'city_seed20_folegandros', 'name', 'fr', 'Folégandros', 'admin'),
  ('tr_seed20_folegandros_it', 'city', 'city_seed20_folegandros', 'name', 'it', 'Folegandros', 'admin'),
  ('tr_seed20_kea_el', 'city', 'city_seed20_kea', 'name', 'el', 'Κέα (Τζια)', 'admin'),
  ('tr_seed20_kea_de', 'city', 'city_seed20_kea', 'name', 'de', 'Kea', 'admin'),
  ('tr_seed20_kea_fr', 'city', 'city_seed20_kea', 'name', 'fr', 'Kéa', 'admin'),
  ('tr_seed20_kea_it', 'city', 'city_seed20_kea', 'name', 'it', 'Cea', 'admin'),
  ('tr_seed20_kythnos_el', 'city', 'city_seed20_kythnos', 'name', 'el', 'Κύθνος', 'admin'),
  ('tr_seed20_kythnos_de', 'city', 'city_seed20_kythnos', 'name', 'de', 'Kythnos', 'admin'),
  ('tr_seed20_kythnos_fr', 'city', 'city_seed20_kythnos', 'name', 'fr', 'Kýthnos', 'admin'),
  ('tr_seed20_kythnos_it', 'city', 'city_seed20_kythnos', 'name', 'it', 'Citno', 'admin'),
  ('tr_seed20_serifos_el', 'city', 'city_seed20_serifos', 'name', 'el', 'Σέριφος', 'admin'),
  ('tr_seed20_serifos_de', 'city', 'city_seed20_serifos', 'name', 'de', 'Serifos', 'admin'),
  ('tr_seed20_serifos_fr', 'city', 'city_seed20_serifos', 'name', 'fr', 'Sérifos', 'admin'),
  ('tr_seed20_serifos_it', 'city', 'city_seed20_serifos', 'name', 'it', 'Serifos', 'admin'),
  ('tr_seed20_anafi_el', 'city', 'city_seed20_anafi', 'name', 'el', 'Ανάφη', 'admin'),
  ('tr_seed20_anafi_de', 'city', 'city_seed20_anafi', 'name', 'de', 'Anafi', 'admin'),
  ('tr_seed20_anafi_fr', 'city', 'city_seed20_anafi', 'name', 'fr', 'Anáfi', 'admin'),
  ('tr_seed20_anafi_it', 'city', 'city_seed20_anafi', 'name', 'it', 'Anafi', 'admin'),
  ('tr_seed20_amorgos_el', 'city', 'city_seed20_amorgos', 'name', 'el', 'Αμοργός', 'admin'),
  ('tr_seed20_amorgos_de', 'city', 'city_seed20_amorgos', 'name', 'de', 'Amorgos', 'admin'),
  ('tr_seed20_amorgos_fr', 'city', 'city_seed20_amorgos', 'name', 'fr', 'Amorgos', 'admin'),
  ('tr_seed20_amorgos_it', 'city', 'city_seed20_amorgos', 'name', 'it', 'Amorgos', 'admin'),
  ('tr_seed20_koufonisia_el', 'city', 'city_seed20_koufonisia', 'name', 'el', 'Κουφονήσια', 'admin'),
  ('tr_seed20_koufonisia_de', 'city', 'city_seed20_koufonisia', 'name', 'de', 'Koufonisia', 'admin'),
  ('tr_seed20_koufonisia_fr', 'city', 'city_seed20_koufonisia', 'name', 'fr', 'Koufonísia', 'admin'),
  ('tr_seed20_koufonisia_it', 'city', 'city_seed20_koufonisia', 'name', 'it', 'Cufonisia', 'admin'),
  ('tr_seed20_sikinos_el', 'city', 'city_seed20_sikinos', 'name', 'el', 'Σίκινος', 'admin'),
  ('tr_seed20_sikinos_de', 'city', 'city_seed20_sikinos', 'name', 'de', 'Sikinos', 'admin'),
  ('tr_seed20_sikinos_fr', 'city', 'city_seed20_sikinos', 'name', 'fr', 'Síkinos', 'admin'),
  ('tr_seed20_sikinos_it', 'city', 'city_seed20_sikinos', 'name', 'it', 'Sikinos', 'admin'),
  ('tr_seed20_kalymnos_el', 'city', 'city_seed20_kalymnos', 'name', 'el', 'Κάλυμνος', 'admin'),
  ('tr_seed20_kalymnos_de', 'city', 'city_seed20_kalymnos', 'name', 'de', 'Kalymnos', 'admin'),
  ('tr_seed20_kalymnos_fr', 'city', 'city_seed20_kalymnos', 'name', 'fr', 'Kálymnos', 'admin'),
  ('tr_seed20_kalymnos_it', 'city', 'city_seed20_kalymnos', 'name', 'it', 'Calino', 'admin'),
  ('tr_seed20_karpathos_el', 'city', 'city_seed20_karpathos', 'name', 'el', 'Κάρπαθος', 'admin'),
  ('tr_seed20_karpathos_de', 'city', 'city_seed20_karpathos', 'name', 'de', 'Karpathos', 'admin'),
  ('tr_seed20_karpathos_fr', 'city', 'city_seed20_karpathos', 'name', 'fr', 'Kárpathos', 'admin'),
  ('tr_seed20_karpathos_it', 'city', 'city_seed20_karpathos', 'name', 'it', 'Carpazi', 'admin'),
  ('tr_seed20_astypalea_el', 'city', 'city_seed20_astypalea', 'name', 'el', 'Αστυπάλαια', 'admin'),
  ('tr_seed20_astypalea_de', 'city', 'city_seed20_astypalea', 'name', 'de', 'Astypalea', 'admin'),
  ('tr_seed20_astypalea_fr', 'city', 'city_seed20_astypalea', 'name', 'fr', 'Astypálea', 'admin'),
  ('tr_seed20_astypalea_it', 'city', 'city_seed20_astypalea', 'name', 'it', 'Astipalea', 'admin'),
  ('tr_seed20_leros_el', 'city', 'city_seed20_leros', 'name', 'el', 'Λέρος', 'admin'),
  ('tr_seed20_leros_de', 'city', 'city_seed20_leros', 'name', 'de', 'Leros', 'admin'),
  ('tr_seed20_leros_fr', 'city', 'city_seed20_leros', 'name', 'fr', 'Léros', 'admin'),
  ('tr_seed20_leros_it', 'city', 'city_seed20_leros', 'name', 'it', 'Lero', 'admin'),
  ('tr_seed20_nisyros_el', 'city', 'city_seed20_nisyros', 'name', 'el', 'Νίσυρος', 'admin'),
  ('tr_seed20_nisyros_de', 'city', 'city_seed20_nisyros', 'name', 'de', 'Nisyros', 'admin'),
  ('tr_seed20_nisyros_fr', 'city', 'city_seed20_nisyros', 'name', 'fr', 'Nísyros', 'admin'),
  ('tr_seed20_nisyros_it', 'city', 'city_seed20_nisyros', 'name', 'it', 'Nisiro', 'admin'),
  ('tr_seed20_tilos_el', 'city', 'city_seed20_tilos', 'name', 'el', 'Τήλος', 'admin'),
  ('tr_seed20_tilos_de', 'city', 'city_seed20_tilos', 'name', 'de', 'Tilos', 'admin'),
  ('tr_seed20_tilos_fr', 'city', 'city_seed20_tilos', 'name', 'fr', 'Tílos', 'admin'),
  ('tr_seed20_tilos_it', 'city', 'city_seed20_tilos', 'name', 'it', 'Tilo', 'admin'),
  ('tr_seed20_kasos_el', 'city', 'city_seed20_kasos', 'name', 'el', 'Κάσος', 'admin'),
  ('tr_seed20_kasos_de', 'city', 'city_seed20_kasos', 'name', 'de', 'Kasos', 'admin'),
  ('tr_seed20_kasos_fr', 'city', 'city_seed20_kasos', 'name', 'fr', 'Kásos', 'admin'),
  ('tr_seed20_kasos_it', 'city', 'city_seed20_kasos', 'name', 'it', 'Caso', 'admin'),
  ('tr_seed20_halki_el', 'city', 'city_seed20_halki', 'name', 'el', 'Χάλκη', 'admin'),
  ('tr_seed20_halki_de', 'city', 'city_seed20_halki', 'name', 'de', 'Halki', 'admin'),
  ('tr_seed20_halki_fr', 'city', 'city_seed20_halki', 'name', 'fr', 'Hálki', 'admin'),
  ('tr_seed20_halki_it', 'city', 'city_seed20_halki', 'name', 'it', 'Calki', 'admin'),
  ('tr_seed20_lipsi_el', 'city', 'city_seed20_lipsi', 'name', 'el', 'Λειψοί', 'admin'),
  ('tr_seed20_lipsi_de', 'city', 'city_seed20_lipsi', 'name', 'de', 'Lipsi', 'admin'),
  ('tr_seed20_lipsi_fr', 'city', 'city_seed20_lipsi', 'name', 'fr', 'Lipsí', 'admin'),
  ('tr_seed20_lipsi_it', 'city', 'city_seed20_lipsi', 'name', 'it', 'Lipsi', 'admin'),
  ('tr_seed20_kastellorizo_el', 'city', 'city_seed20_kastellorizo', 'name', 'el', 'Καστελλόριζο', 'admin'),
  ('tr_seed20_kastellorizo_de', 'city', 'city_seed20_kastellorizo', 'name', 'de', 'Kastellorizo', 'admin'),
  ('tr_seed20_kastellorizo_fr', 'city', 'city_seed20_kastellorizo', 'name', 'fr', 'Kastellórizo', 'admin'),
  ('tr_seed20_kastellorizo_it', 'city', 'city_seed20_kastellorizo', 'name', 'it', 'Castelrosso', 'admin'),
  ('tr_seed20_limnos_el', 'city', 'city_seed20_limnos', 'name', 'el', 'Λήμνος', 'admin'),
  ('tr_seed20_limnos_de', 'city', 'city_seed20_limnos', 'name', 'de', 'Limnos', 'admin'),
  ('tr_seed20_limnos_fr', 'city', 'city_seed20_limnos', 'name', 'fr', 'Límnos', 'admin'),
  ('tr_seed20_limnos_it', 'city', 'city_seed20_limnos', 'name', 'it', 'Lemno', 'admin'),
  ('tr_seed20_ikaria_el', 'city', 'city_seed20_ikaria', 'name', 'el', 'Ικαρία', 'admin'),
  ('tr_seed20_ikaria_de', 'city', 'city_seed20_ikaria', 'name', 'de', 'Ikaria', 'admin'),
  ('tr_seed20_ikaria_fr', 'city', 'city_seed20_ikaria', 'name', 'fr', 'Ikaría', 'admin'),
  ('tr_seed20_ikaria_it', 'city', 'city_seed20_ikaria', 'name', 'it', 'Icaria', 'admin'),
  ('tr_seed20_fournoi_el', 'city', 'city_seed20_fournoi', 'name', 'el', 'Φούρνοι', 'admin'),
  ('tr_seed20_fournoi_de', 'city', 'city_seed20_fournoi', 'name', 'de', 'Fourni', 'admin'),
  ('tr_seed20_fournoi_fr', 'city', 'city_seed20_fournoi', 'name', 'fr', 'Fournoi', 'admin'),
  ('tr_seed20_fournoi_it', 'city', 'city_seed20_fournoi', 'name', 'it', 'Fournoi', 'admin'),
  ('tr_seed20_thasos_el', 'city', 'city_seed20_thasos', 'name', 'el', 'Θάσος', 'admin'),
  ('tr_seed20_thasos_de', 'city', 'city_seed20_thasos', 'name', 'de', 'Thasos', 'admin'),
  ('tr_seed20_thasos_fr', 'city', 'city_seed20_thasos', 'name', 'fr', 'Thásos', 'admin'),
  ('tr_seed20_thasos_it', 'city', 'city_seed20_thasos', 'name', 'it', 'Taso', 'admin'),
  ('tr_seed20_samothraki_el', 'city', 'city_seed20_samothraki', 'name', 'el', 'Σαμοθράκη', 'admin'),
  ('tr_seed20_samothraki_de', 'city', 'city_seed20_samothraki', 'name', 'de', 'Samothraki', 'admin'),
  ('tr_seed20_samothraki_fr', 'city', 'city_seed20_samothraki', 'name', 'fr', 'Samothrace', 'admin'),
  ('tr_seed20_samothraki_it', 'city', 'city_seed20_samothraki', 'name', 'it', 'Samotracia', 'admin'),
  ('tr_seed20_paxos_el', 'city', 'city_seed20_paxos', 'name', 'el', 'Παξοί', 'admin'),
  ('tr_seed20_paxos_de', 'city', 'city_seed20_paxos', 'name', 'de', 'Paxos', 'admin'),
  ('tr_seed20_paxos_fr', 'city', 'city_seed20_paxos', 'name', 'fr', 'Paxos', 'admin'),
  ('tr_seed20_paxos_it', 'city', 'city_seed20_paxos', 'name', 'it', 'Passo', 'admin'),
  ('tr_seed20_antipaxos_el', 'city', 'city_seed20_antipaxos', 'name', 'el', 'Αντίπαξοι', 'admin'),
  ('tr_seed20_antipaxos_de', 'city', 'city_seed20_antipaxos', 'name', 'de', 'Antipaxos', 'admin'),
  ('tr_seed20_antipaxos_fr', 'city', 'city_seed20_antipaxos', 'name', 'fr', 'Antípaxos', 'admin'),
  ('tr_seed20_antipaxos_it', 'city', 'city_seed20_antipaxos', 'name', 'it', 'Antipaxos', 'admin'),
  ('tr_seed20_ithaca_el', 'city', 'city_seed20_ithaca', 'name', 'el', 'Ιθάκη', 'admin'),
  ('tr_seed20_ithaca_de', 'city', 'city_seed20_ithaca', 'name', 'de', 'Ithaka', 'admin'),
  ('tr_seed20_ithaca_fr', 'city', 'city_seed20_ithaca', 'name', 'fr', 'Ithaque', 'admin'),
  ('tr_seed20_ithaca_it', 'city', 'city_seed20_ithaca', 'name', 'it', 'Itaca', 'admin'),
  ('tr_seed20_agios_nikolaos_el', 'city', 'city_seed20_agios_nikolaos', 'name', 'el', 'Άγιος Νικόλαος', 'admin'),
  ('tr_seed20_agios_nikolaos_de', 'city', 'city_seed20_agios_nikolaos', 'name', 'de', 'Agios Nikolaos', 'admin'),
  ('tr_seed20_agios_nikolaos_fr', 'city', 'city_seed20_agios_nikolaos', 'name', 'fr', 'Aghios Nikólaos', 'admin'),
  ('tr_seed20_agios_nikolaos_it', 'city', 'city_seed20_agios_nikolaos', 'name', 'it', 'Agios Nikolaos', 'admin'),
  ('tr_seed20_elounda_el', 'city', 'city_seed20_elounda', 'name', 'el', 'Ελούντα', 'admin'),
  ('tr_seed20_elounda_de', 'city', 'city_seed20_elounda', 'name', 'de', 'Elounda', 'admin'),
  ('tr_seed20_elounda_fr', 'city', 'city_seed20_elounda', 'name', 'fr', 'Eloúnda', 'admin'),
  ('tr_seed20_elounda_it', 'city', 'city_seed20_elounda', 'name', 'it', 'Elounda', 'admin'),
  ('tr_seed20_sitia_el', 'city', 'city_seed20_sitia', 'name', 'el', 'Σητεία', 'admin'),
  ('tr_seed20_sitia_de', 'city', 'city_seed20_sitia', 'name', 'de', 'Sitia', 'admin'),
  ('tr_seed20_sitia_fr', 'city', 'city_seed20_sitia', 'name', 'fr', 'Sitía', 'admin'),
  ('tr_seed20_sitia_it', 'city', 'city_seed20_sitia', 'name', 'it', 'Sitia', 'admin'),
  ('tr_seed20_ierapetra_el', 'city', 'city_seed20_ierapetra', 'name', 'el', 'Ιεράπετρα', 'admin'),
  ('tr_seed20_ierapetra_de', 'city', 'city_seed20_ierapetra', 'name', 'de', 'Ierapetra', 'admin'),
  ('tr_seed20_ierapetra_fr', 'city', 'city_seed20_ierapetra', 'name', 'fr', 'Ierápetra', 'admin'),
  ('tr_seed20_ierapetra_it', 'city', 'city_seed20_ierapetra', 'name', 'it', 'Ierapetra', 'admin'),
  ('tr_seed20_matala_el', 'city', 'city_seed20_matala', 'name', 'el', 'Μάταλα', 'admin'),
  ('tr_seed20_matala_de', 'city', 'city_seed20_matala', 'name', 'de', 'Matala', 'admin'),
  ('tr_seed20_matala_fr', 'city', 'city_seed20_matala', 'name', 'fr', 'Mátala', 'admin'),
  ('tr_seed20_matala_it', 'city', 'city_seed20_matala', 'name', 'it', 'Matala', 'admin'),
  ('tr_seed20_paleochora_el', 'city', 'city_seed20_paleochora', 'name', 'el', 'Παλαιόχωρα', 'admin'),
  ('tr_seed20_paleochora_de', 'city', 'city_seed20_paleochora', 'name', 'de', 'Paleochora', 'admin'),
  ('tr_seed20_paleochora_fr', 'city', 'city_seed20_paleochora', 'name', 'fr', 'Paleochóra', 'admin'),
  ('tr_seed20_paleochora_it', 'city', 'city_seed20_paleochora', 'name', 'it', 'Paleochora', 'admin');

-- ── Hero photos (48 strict matches) ─────────────────
INSERT INTO photos (id, city_id, subject_type, source, url, attribution_text, attribution_url, license, is_primary, sort_order) VALUES
  ('photo_seed20_glyfada', 'city_seed20_glyfada', 'location', 'licensed_stock', 'https://images.pexels.com/photos/35249504/pexels-photo-35249504.jpeg?auto=compress&cs=tinysrgb&w=1800', 'Efrem  Efre / Pexels', 'https://www.pexels.com/photo/35249504/', 'Pexels', 1, 0),
  ('photo_seed20_piraeus', 'city_seed20_piraeus', 'location', 'licensed_stock', 'https://images.pexels.com/photos/35154967/pexels-photo-35154967.jpeg?auto=compress&cs=tinysrgb&w=1800', 'Valeria Drozdova / Pexels', 'https://www.pexels.com/photo/35154967/', 'Pexels', 1, 0),
  ('photo_seed20_sounion', 'city_seed20_sounion', 'location', 'licensed_stock', 'https://images.pexels.com/photos/4980511/pexels-photo-4980511.jpeg?auto=compress&cs=tinysrgb&w=1800', 'Spiros Kakos / Pexels', 'https://www.pexels.com/photo/4980511/', 'Pexels', 1, 0),
  ('photo_seed20_kythira', 'city_seed20_kythira', 'location', 'licensed_stock', 'https://images.pexels.com/photos/5406378/pexels-photo-5406378.jpeg?auto=compress&cs=tinysrgb&w=1800', 'Julia Sakelli / Pexels', 'https://www.pexels.com/photo/5406378/', 'Pexels', 1, 0),
  ('photo_seed20_olympia', 'city_seed20_olympia', 'location', 'licensed_stock', 'https://images.pexels.com/photos/37603284/pexels-photo-37603284.jpeg?auto=compress&cs=tinysrgb&w=1800', 'Kostas Dimopoulos / Pexels', 'https://www.pexels.com/photo/37603284/', 'Pexels', 1, 0),
  ('photo_seed20_monemvasia', 'city_seed20_monemvasia', 'location', 'licensed_stock', 'https://images.pexels.com/photos/32224798/pexels-photo-32224798.jpeg?auto=compress&cs=tinysrgb&w=1800', 'Adrien Olichon / Pexels', 'https://www.pexels.com/photo/32224798/', 'Pexels', 1, 0),
  ('photo_seed20_methoni', 'city_seed20_methoni', 'location', 'licensed_stock', 'https://images.pexels.com/photos/15665588/pexels-photo-15665588.jpeg?auto=compress&cs=tinysrgb&w=1800', 'Valentinos Loucaides / Pexels', 'https://www.pexels.com/photo/15665588/', 'Pexels', 1, 0),
  ('photo_seed20_koroni', 'city_seed20_koroni', 'location', 'licensed_stock', 'https://images.pexels.com/photos/10121074/pexels-photo-10121074.jpeg?auto=compress&cs=tinysrgb&w=1800', 'Guillaume Hankenne / Pexels', 'https://www.pexels.com/photo/10121074/', 'Pexels', 1, 0),
  ('photo_seed20_nemea', 'city_seed20_nemea', 'location', 'licensed_stock', 'https://images.pexels.com/photos/33250866/pexels-photo-33250866.jpeg?auto=compress&cs=tinysrgb&w=1800', 'Lydia Griva / Pexels', 'https://www.pexels.com/photo/33250866/', 'Pexels', 1, 0),
  ('photo_seed20_delphi', 'city_seed20_delphi', 'location', 'licensed_stock', 'https://images.pexels.com/photos/5819282/pexels-photo-5819282.jpeg?auto=compress&cs=tinysrgb&w=1800', 'Lachcim Kejarko / Pexels', 'https://www.pexels.com/photo/5819282/', 'Pexels', 1, 0),
  ('photo_seed20_chalkida', 'city_seed20_chalkida', 'location', 'licensed_stock', 'https://images.pexels.com/photos/27126980/pexels-photo-27126980.jpeg?auto=compress&cs=tinysrgb&w=1800', 'Alex Ravvas / Pexels', 'https://www.pexels.com/photo/27126980/', 'Pexels', 1, 0),
  ('photo_seed20_volos', 'city_seed20_volos', 'location', 'licensed_stock', 'https://images.pexels.com/photos/30099906/pexels-photo-30099906.jpeg?auto=compress&cs=tinysrgb&w=1800', 'Markos Torpillas / Pexels', 'https://www.pexels.com/photo/30099906/', 'Pexels', 1, 0),
  ('photo_seed20_trikala', 'city_seed20_trikala', 'location', 'licensed_stock', 'https://images.pexels.com/photos/20350229/pexels-photo-20350229.jpeg?auto=compress&cs=tinysrgb&w=1800', 'Randerisphotos / Pexels', 'https://www.pexels.com/photo/20350229/', 'Pexels', 1, 0),
  ('photo_seed20_kalambaka', 'city_seed20_kalambaka', 'location', 'licensed_stock', 'https://images.pexels.com/photos/17190651/pexels-photo-17190651.jpeg?auto=compress&cs=tinysrgb&w=1800', 'Rainer Eck / Pexels', 'https://www.pexels.com/photo/17190651/', 'Pexels', 1, 0),
  ('photo_seed20_meteora', 'city_seed20_meteora', 'location', 'licensed_stock', 'https://images.pexels.com/photos/28277455/pexels-photo-28277455.jpeg?auto=compress&cs=tinysrgb&w=1800', 'Sergey Guk / Pexels', 'https://www.pexels.com/photo/28277455/', 'Pexels', 1, 0),
  ('photo_seed20_pelion', 'city_seed20_pelion', 'location', 'licensed_stock', 'https://images.pexels.com/photos/5333372/pexels-photo-5333372.jpeg?auto=compress&cs=tinysrgb&w=1800', 'Chavdar Lungov / Pexels', 'https://www.pexels.com/photo/5333372/', 'Pexels', 1, 0),
  ('photo_seed20_skopelos', 'city_seed20_skopelos', 'location', 'licensed_stock', 'https://images.pexels.com/photos/12925563/pexels-photo-12925563.jpeg?auto=compress&cs=tinysrgb&w=1800', 'Lazar Krstić / Pexels', 'https://www.pexels.com/photo/12925563/', 'Pexels', 1, 0),
  ('photo_seed20_parga', 'city_seed20_parga', 'location', 'licensed_stock', 'https://images.pexels.com/photos/977926/pexels-photo-977926.jpeg?auto=compress&cs=tinysrgb&w=1800', 'GEORGE DESIPRIS / Pexels', 'https://www.pexels.com/photo/977926/', 'Pexels', 1, 0),
  ('photo_seed20_metsovo', 'city_seed20_metsovo', 'location', 'licensed_stock', 'https://images.pexels.com/photos/35893920/pexels-photo-35893920.jpeg?auto=compress&cs=tinysrgb&w=1800', 'John  Kostopoulos / Pexels', 'https://www.pexels.com/photo/35893920/', 'Pexels', 1, 0),
  ('photo_seed20_edessa', 'city_seed20_edessa', 'location', 'licensed_stock', 'https://images.pexels.com/photos/10207544/pexels-photo-10207544.jpeg?auto=compress&cs=tinysrgb&w=1800', 'Teo Doulke / Pexels', 'https://www.pexels.com/photo/10207544/', 'Pexels', 1, 0),
  ('photo_seed20_kastoria', 'city_seed20_kastoria', 'location', 'licensed_stock', 'https://images.pexels.com/photos/11031404/pexels-photo-11031404.jpeg?auto=compress&cs=tinysrgb&w=1800', 'George  Zografidis / Pexels', 'https://www.pexels.com/photo/11031404/', 'Pexels', 1, 0),
  ('photo_seed20_florina', 'city_seed20_florina', 'location', 'licensed_stock', 'https://images.pexels.com/photos/10493098/pexels-photo-10493098.jpeg?auto=compress&cs=tinysrgb&w=1800', 'Markella Floka / Pexels', 'https://www.pexels.com/photo/10493098/', 'Pexels', 1, 0),
  ('photo_seed20_kozani', 'city_seed20_kozani', 'location', 'licensed_stock', 'https://images.pexels.com/photos/6459797/pexels-photo-6459797.jpeg?auto=compress&cs=tinysrgb&w=1800', 'Ioannis Ioannidis / Pexels', 'https://www.pexels.com/photo/6459797/', 'Pexels', 1, 0),
  ('photo_seed20_kavala', 'city_seed20_kavala', 'location', 'licensed_stock', 'https://images.pexels.com/photos/26764302/pexels-photo-26764302.jpeg?auto=compress&cs=tinysrgb&w=1800', 'Efrem C. / Pexels', 'https://www.pexels.com/photo/26764302/', 'Pexels', 1, 0),
  ('photo_seed20_drama', 'city_seed20_drama', 'location', 'licensed_stock', 'https://images.pexels.com/photos/776744/pexels-photo-776744.jpeg?auto=compress&cs=tinysrgb&w=1800', 'GEORGE DESIPRIS / Pexels', 'https://www.pexels.com/photo/776744/', 'Pexels', 1, 0),
  ('photo_seed20_antiparos', 'city_seed20_antiparos', 'location', 'licensed_stock', 'https://images.pexels.com/photos/20142606/pexels-photo-20142606.jpeg?auto=compress&cs=tinysrgb&w=1800', 'Claudia Schmalz / Pexels', 'https://www.pexels.com/photo/20142606/', 'Pexels', 1, 0),
  ('photo_seed20_folegandros', 'city_seed20_folegandros', 'location', 'licensed_stock', 'https://images.pexels.com/photos/18343638/pexels-photo-18343638.jpeg?auto=compress&cs=tinysrgb&w=1800', 'George  Zografidis / Pexels', 'https://www.pexels.com/photo/18343638/', 'Pexels', 1, 0),
  ('photo_seed20_kythnos', 'city_seed20_kythnos', 'location', 'licensed_stock', 'https://images.pexels.com/photos/19894286/pexels-photo-19894286.jpeg?auto=compress&cs=tinysrgb&w=1800', 'George Papantoniou / Pexels', 'https://www.pexels.com/photo/19894286/', 'Pexels', 1, 0),
  ('photo_seed20_serifos', 'city_seed20_serifos', 'location', 'licensed_stock', 'https://images.pexels.com/photos/15444381/pexels-photo-15444381.jpeg?auto=compress&cs=tinysrgb&w=1800', 'ΧΡΗΣΤΟΣ ΜΙΧΑΛΑΙΝΑΣ / Pexels', 'https://www.pexels.com/photo/15444381/', 'Pexels', 1, 0),
  ('photo_seed20_anafi', 'city_seed20_anafi', 'location', 'licensed_stock', 'https://images.pexels.com/photos/32137713/pexels-photo-32137713.jpeg?auto=compress&cs=tinysrgb&w=1800', 'Daciana  Cristina  Visan / Pexels', 'https://www.pexels.com/photo/32137713/', 'Pexels', 1, 0),
  ('photo_seed20_amorgos', 'city_seed20_amorgos', 'location', 'licensed_stock', 'https://images.pexels.com/photos/30167761/pexels-photo-30167761.jpeg?auto=compress&cs=tinysrgb&w=1800', 'drB drB / Pexels', 'https://www.pexels.com/photo/30167761/', 'Pexels', 1, 0),
  ('photo_seed20_koufonisia', 'city_seed20_koufonisia', 'location', 'licensed_stock', 'https://images.pexels.com/photos/20346948/pexels-photo-20346948.jpeg?auto=compress&cs=tinysrgb&w=1800', 'Claudia Schmalz / Pexels', 'https://www.pexels.com/photo/20346948/', 'Pexels', 1, 0),
  ('photo_seed20_kalymnos', 'city_seed20_kalymnos', 'location', 'licensed_stock', 'https://images.pexels.com/photos/4370899/pexels-photo-4370899.jpeg?auto=compress&cs=tinysrgb&w=1800', 'Bert Christiaens / Pexels', 'https://www.pexels.com/photo/4370899/', 'Pexels', 1, 0),
  ('photo_seed20_karpathos', 'city_seed20_karpathos', 'location', 'licensed_stock', 'https://images.pexels.com/photos/5339600/pexels-photo-5339600.jpeg?auto=compress&cs=tinysrgb&w=1800', 'tom analogicus / Pexels', 'https://www.pexels.com/photo/5339600/', 'Pexels', 1, 0),
  ('photo_seed20_astypalea', 'city_seed20_astypalea', 'location', 'licensed_stock', 'https://images.pexels.com/photos/13290787/pexels-photo-13290787.jpeg?auto=compress&cs=tinysrgb&w=1800', 'Claudia Schmalz / Pexels', 'https://www.pexels.com/photo/13290787/', 'Pexels', 1, 0),
  ('photo_seed20_leros', 'city_seed20_leros', 'location', 'licensed_stock', 'https://images.pexels.com/photos/19861844/pexels-photo-19861844.jpeg?auto=compress&cs=tinysrgb&w=1800', 'Iris Kampanelli / Pexels', 'https://www.pexels.com/photo/19861844/', 'Pexels', 1, 0),
  ('photo_seed20_kastellorizo', 'city_seed20_kastellorizo', 'location', 'licensed_stock', 'https://images.pexels.com/photos/16897871/pexels-photo-16897871.jpeg?auto=compress&cs=tinysrgb&w=1800', 'Arthur Shuraev / Pexels', 'https://www.pexels.com/photo/16897871/', 'Pexels', 1, 0),
  ('photo_seed20_ikaria', 'city_seed20_ikaria', 'location', 'licensed_stock', 'https://images.pexels.com/photos/37557762/pexels-photo-37557762.jpeg?auto=compress&cs=tinysrgb&w=1800', 'Wojtek Strzelec / Pexels', 'https://www.pexels.com/photo/37557762/', 'Pexels', 1, 0),
  ('photo_seed20_thasos', 'city_seed20_thasos', 'location', 'licensed_stock', 'https://images.pexels.com/photos/28576091/pexels-photo-28576091.jpeg?auto=compress&cs=tinysrgb&w=1800', 'Daniel Chobanov / Pexels', 'https://www.pexels.com/photo/28576091/', 'Pexels', 1, 0),
  ('photo_seed20_samothraki', 'city_seed20_samothraki', 'location', 'licensed_stock', 'https://images.pexels.com/photos/9641485/pexels-photo-9641485.jpeg?auto=compress&cs=tinysrgb&w=1800', 'Marina Gr / Pexels', 'https://www.pexels.com/photo/9641485/', 'Pexels', 1, 0),
  ('photo_seed20_paxos', 'city_seed20_paxos', 'location', 'licensed_stock', 'https://images.pexels.com/photos/31320634/pexels-photo-31320634.jpeg?auto=compress&cs=tinysrgb&w=1800', 'Eleni Zafeiri / Pexels', 'https://www.pexels.com/photo/31320634/', 'Pexels', 1, 0),
  ('photo_seed20_antipaxos', 'city_seed20_antipaxos', 'location', 'licensed_stock', 'https://images.pexels.com/photos/5994972/pexels-photo-5994972.jpeg?auto=compress&cs=tinysrgb&w=1800', 'Michelangelo Iaia / Pexels', 'https://www.pexels.com/photo/5994972/', 'Pexels', 1, 0),
  ('photo_seed20_ithaca', 'city_seed20_ithaca', 'location', 'licensed_stock', 'https://images.pexels.com/photos/13135419/pexels-photo-13135419.jpeg?auto=compress&cs=tinysrgb&w=1800', 'TonyNojmanSK / Pexels', 'https://www.pexels.com/photo/13135419/', 'Pexels', 1, 0),
  ('photo_seed20_agios_nikolaos', 'city_seed20_agios_nikolaos', 'location', 'licensed_stock', 'https://images.pexels.com/photos/28523451/pexels-photo-28523451.jpeg?auto=compress&cs=tinysrgb&w=1800', 'Aniestla✨ ‎ / Pexels', 'https://www.pexels.com/photo/28523451/', 'Pexels', 1, 0),
  ('photo_seed20_elounda', 'city_seed20_elounda', 'location', 'licensed_stock', 'https://images.pexels.com/photos/14090206/pexels-photo-14090206.jpeg?auto=compress&cs=tinysrgb&w=1800', 'Mike Kw / Pexels', 'https://www.pexels.com/photo/14090206/', 'Pexels', 1, 0),
  ('photo_seed20_ierapetra', 'city_seed20_ierapetra', 'location', 'licensed_stock', 'https://images.pexels.com/photos/18997385/pexels-photo-18997385.jpeg?auto=compress&cs=tinysrgb&w=1800', 'James Owen / Pexels', 'https://www.pexels.com/photo/18997385/', 'Pexels', 1, 0),
  ('photo_seed20_matala', 'city_seed20_matala', 'location', 'licensed_stock', 'https://images.pexels.com/photos/10522894/pexels-photo-10522894.jpeg?auto=compress&cs=tinysrgb&w=1800', 'Francesco Ungaro / Pexels', 'https://www.pexels.com/photo/10522894/', 'Pexels', 1, 0),
  ('photo_seed20_paleochora', 'city_seed20_paleochora', 'location', 'licensed_stock', 'https://images.pexels.com/photos/4219367/pexels-photo-4219367.jpeg?auto=compress&cs=tinysrgb&w=1800', 'James Owen / Pexels', 'https://www.pexels.com/photo/4219367/', 'Pexels', 1, 0);
